,,,,Dedicated Freight Corridor,,,,,,
,,,,GRADIENT,,,,,,
,,,,Division:,EDFC,Section:,ALL,,,
,,,,,,,,,,
DIV/RLY,SECTION,LINE,KM FROM,MET FROM,KM TO,MET TO,GAUGE,LENGTH (m),DIRECTION,GRADE (One in_)
EDFC/DFCR,KNZN - SMUN,SL,1159,578,1160,120,BG,542,FALL,1975
EDFC/DFCR,KNZN - SMUN,SL,1160,120,1160,655,BG,535,RISE,622
EDFC/DFCR,KNZN - SMUN,SL,1160,655,1161,785,BG,1130,FALL,991
EDFC/DFCR,KNZN - SMUN,SL,1161,785,1162,996,BG,1211,RISE,222
EDFC/DFCR,KNZN - SMUN,SL,1162,996,1163,253,BG,257,LEVEL,0
EDFC/DFCR,KNZN - SMUN,SL,1163,253,1164,17,BG,764,FALL,226
EDFC/DFCR,KNZN - SMUN,SL,1164,17,1165,106,BG,1089,LEVEL,0
EDFC/DFCR,KNZN - SMUN,SL,1165,106,1165,582,BG,476,FALL,308
EDFC/DFCR,KNZN - SMUN,SL,1165,582,1166,832,BG,1250,RISE,1266
EDFC/DFCR,KNZN - SMUN,SL,1166,832,1167,373,BG,541,RISE,2211
EDFC/DFCR,KNZN - SMUN,SL,1167,373,1167,971,BG,598,LEVEL,0
EDFC/DFCR,KNZN - SMUN,SL,1167,971,1168,906,BG,935,FALL,6876
EDFC/DFCR,KNZN - SMUN,SL,1168,906,1169,675,BG,769,RISE,1147
EDFC/DFCR,KNZN - SMUN,SL,1169,675,1170,435,BG,760,RISE,3905
EDFC/DFCR,NSIR - CHAN,SL,1202,15,1202,738,BG,723,FALL,2711
EDFC/DFCR,NSIR - CHAN,SL,1202,738,1203,225,BG,487,RISE,3038
EDFC/DFCR,NSIR - CHAN,SL,1203,225,1203,327,BG,102,FALL,908
EDFC/DFCR,NSIR - CHAN,SL,1203,327,1203,530,BG,203,FALL,601
EDFC/DFCR,NSIR - CHAN,SL,1203,530,1203,894,BG,364,RISE,600
EDFC/DFCR,NSIR - CHAN,SL,1203,894,1204,70,BG,176,RISE,748
EDFC/DFCR,NSIR - CHAN,SL,1204,70,1205,978,BG,1908,RISE,204
EDFC/DFCR,NSIR - CHAN,SL,1205,978,1206,201,BG,223,LEVEL,0
EDFC/DFCR,NSIR - CHAN,SL,1206,201,1206,395,BG,194,FALL,300
EDFC/DFCR,NSIR - CHAN,SL,1206,395,1207,975,BG,1580,LEVEL,0
EDFC/DFCR,NSIR - CHAN,SL,1207,975,1209,688,BG,1713,FALL,381
EDFC/DFCR,NSIR - CHAN,SL,1209,688,1210,962,BG,1274,LEVEL,0
EDFC/DFCR,NSIR - CHAN,SL,1210,962,1211,448,BG,486,FALL,218
EDFC/DFCR,NSIR - CHAN,SL,1211,448,1211,580,BG,132,FALL,250
EDFC/DFCR,NSIR - CHAN,SL,1211,580,1211,946,BG,366,FALL,1481
EDFC/DFCR,NSIR - CHAN,SL,1211,946,1213,881,BG,1935,FALL,1200
EDFC/DFCR,NSIR - CHAN,SL,1213,881,1215,430,BG,1549,FALL,2971
EDFC/DFCR,NSIR - CHAN,SL,1215,430,1216,931,BG,1501,LEVEL,0
EDFC/DFCR,NSIR - CHAN,SL,1216,931,1218,431,BG,1500,FALL,5071
EDFC/DFCR,NSIR - CHAN,SL,1218,431,1219,930,BG,1499,LEVEL,0
EDFC/DFCR,NSIR - CHAN,SL,1219,930,1221,430,BG,1500,FALL,4276
EDFC/DFCR,NSIR - CHAN,SL,1221,430,1222,931,BG,1501,FALL,3770
EDFC/DFCR,NSIR - CHAN,SL,1222,931,1223,325,BG,394,FALL,1251
EDFC/DFCR,NSIR - CHAN,SL,1223,325,1224,62,BG,737,FALL,3822
EDFC/DFCR,NSIR - CHAN,SL,1224,62,1224,313,BG,251,FALL,4389
EDFC/DFCR,NSIR - CHAN,SL,1224,313,1224,984,BG,671,FALL,2181
EDFC/DFCR,NSIR - CHAN,SL,1224,984,1225,343,BG,359,RISE,1447
EDFC/DFCR,NSIR - CHAN,SL,1225,343,1226,676,BG,1333,RISE,1173
EDFC/DFCR,NSIR - CHAN,SL,1226,676,1228,617,BG,1941,FALL,1556
EDFC/DFCR,NSIR - CHAN,SL,1228,617,1230,559,BG,1942,FALL,2687
EDFC/DFCR,NSIR - CHAN,SL,1230,559,1232,220,BG,1661,LEVEL,0
EDFC/DFCR,NSIR - CHAN,SL,1232,220,1234,76,BG,1856,LEVEL,0
EDFC/DFCR,NSIR - CHAN,SL,1234,76,1235,577,BG,1501,RISE,1523
EDFC/DFCR,NSIR - CHAN,SL,1235,577,1237,78,BG,1501,FALL,1405
EDFC/DFCR,NSIR - CHAN,SL,1237,78,1239,582,BG,2504,FALL,1219
EDFC/DFCR,NSIR - CHAN,SL,1239,582,1241,218,BG,1636,FALL,1005
EDFC/DFCR,NSIR - CHAN,SL,1241,218,1242,198,BG,980,LEVEL,0
EDFC/DFCR,NSIR - CHAN,SL,1242,198,1242,728,BG,530,FALL,1811
EDFC/DFCR,NSIR - CHAN,SL,1242,728,1244,228,BG,1500,RISE,2090
EDFC/DFCR,NSIR - CHAN,SL,1244,228,1244,729,BG,501,RISE,280
EDFC/DFCR,NSIR - CHAN,SL,1244,729,1245,51,BG,322,LEVEL,0
EDFC/DFCR,NSIR - CHAN,SL,1245,51,1245,499,BG,448,FALL,227
EDFC/DFCR,NSIR - CHAN,SL,1245,499,1246,998,BG,1499,FALL,646
EDFC/DFCR,NSIR - CHAN,SL,1246,998,1248,499,BG,1501,LEVEL,0
EDFC/DFCR,NSIR - CHAN,SL,1248,499,1249,579,BG,1080,FALL,1280
EDFC/DFCR,NSIR - CHAN,SL,1249,579,1249,679,BG,100,FALL,2035
EDFC/DFCR,NSIR - CHAN,SL,1249,679,1249,720,BG,41,LEVEL,0
EDFC/DFCR,SBJN - NSIR,SL,1188,575,1189,12,BG,437,FALL,2923
EDFC/DFCR,SBJN - NSIR,SL,1189,12,1190,140,BG,1128,RISE,1219
EDFC/DFCR,SBJN - NSIR,SL,1190,140,1191,260,BG,1120,RISE,1978
EDFC/DFCR,SBJN - NSIR,SL,1191,260,1191,501,BG,241,LEVEL,0
EDFC/DFCR,SBJN - NSIR,SL,1191,501,1193,342,BG,1841,FALL,3834
EDFC/DFCR,SBJN - NSIR,SL,1193,342,1194,990,BG,1648,RISE,9858
EDFC/DFCR,SBJN - NSIR,SL,1194,990,1195,149,BG,159,LEVEL,0
EDFC/DFCR,SBJN - NSIR,SL,1195,149,1195,740,BG,591,FALL,4579
EDFC/DFCR,SBJN - NSIR,SL,1195,740,1196,210,BG,470,FALL,728
EDFC/DFCR,SBJN - NSIR,SL,1196,210,1196,770,BG,560,FALL,9999
EDFC/DFCR,SBJN - NSIR,SL,1196,770,1197,576,BG,806,RISE,1532
EDFC/DFCR,SBJN - NSIR,SL,1197,576,1199,72,BG,1496,FALL,7974
EDFC/DFCR,SBJN - NSIR,SL,1199,72,1200,578,BG,1506,FALL,8552
EDFC/DFCR,SBJN - NSIR,SL,1200,578,1202,15,BG,1437,FALL,2711
EDFC/DFCR,SMUN - RPJ Link Line,SL,1171,981,1172,413,,432,RISE,1182
EDFC/DFCR,SMUN - RPJ Link Line,SL,1172,413,1173,53,,640,LEVEL,0
EDFC/DFCR,SMUN - RPJ Link Line,SL,1173,53,1173,594,,541,FALL,391
EDFC/DFCR,SMUN - RPJ Link Line,SL,1173,594,1175,118,,1524,RISE,1343
EDFC/DFCR,SMUN - RPJ Link Line,SL,1175,118,1175,925,,807,FALL,332
EDFC/DFCR,SMUN - RPJ Link Line,SL,1175,925,1176,887,,962,RISE,248
EDFC/DFCR,SMUN - RPJ Link Line,SL,1176,887,1177,161,,274,LEVEL,0
EDFC/DFCR,SMUN - RPJ Link Line,SL,1177,161,1177,986,,825,FALL,244
EDFC/DFCR,SMUN - RPJ Link Line,SL,1177,986,1178,150,,164,FALL,508
EDFC/DFCR,SMUN - SBJN,SL,1170,435,1171,467,BG,1032,RISE,3905
EDFC/DFCR,SMUN - SBJN,SL,1171,467,1172,15,BG,548,RISE,1577
EDFC/DFCR,SMUN - SBJN,SL,1172,15,1172,414,BG,399,RISE,1182
EDFC/DFCR,SMUN - SBJN,SL,1172,414,1173,31,BG,617,LEVEL,0
EDFC/DFCR,SMUN - SBJN,SL,1173,31,1173,585,BG,554,FALL,431
EDFC/DFCR,SMUN - SBJN,SL,1173,585,1175,509,BG,1924,RISE,262
EDFC/DFCR,SMUN - SBJN,SL,1175,509,1176,169,BG,660,LEVEL,0
EDFC/DFCR,SMUN - SBJN,SL,1176,169,1176,918,BG,749,FALL,253
EDFC/DFCR,SMUN - SBJN,SL,1176,918,1177,214,BG,296,LEVEL,0
EDFC/DFCR,SMUN - SBJN,SL,1177,214,1178,552,BG,1338,FALL,227
EDFC/DFCR,SMUN - SBJN,SL,1178,552,1180,145,BG,1593,LEVEL,0
EDFC/DFCR,SMUN - SBJN,SL,1180,145,1180,658,BG,513,FALL,674
EDFC/DFCR,SMUN - SBJN,SL,1180,658,1180,791,BG,133,RISE,545
EDFC/DFCR,SMUN - SBJN,SL,1180,791,1181,296,BG,505,RISE,219
EDFC/DFCR,SMUN - SBJN,SL,1181,296,1181,585,BG,289,LEVEL,0
EDFC/DFCR,SMUN - SBJN,SL,1181,585,1183,348,BG,1763,FALL,1392
EDFC/DFCR,SMUN - SBJN,SL,1183,348,1185,251,BG,1903,LEVEL,0
EDFC/DFCR,SMUN - SBJN,SL,1185,251,1186,394,BG,1143,FALL,1119
EDFC/DFCR,SMUN - SBJN,SL,1186,394,1187,989,BG,1595,FALL,1668
EDFC/DFCR,SMUN - SBJN,SL,1187,989,1188,575,BG,586,FALL,2923